Suite/Test/Step Name,Browser,Description,Tag,Start time,End time,Duration,Status
TS03_ManageThread,,,,2022-12-21 20:49:18,2022-12-21 20:49:45,27.261s,PASSED
,,,,,,,
Test Cases/Admin/ManageThread/TC07_CreateTopic,,,,2022-12-21 20:49:19,2022-12-21 20:49:29,10.545s,PASSED
"sendRequest(findTestObject(""Postman/admin/topic/Create Topic""))",,,,2022-12-21 20:49:21,2022-12-21 20:49:29,8.798s,PASSED
,,,,,,,
Test Cases/Admin/ManageThread/TC08_GetAllTopic,,,,2022-12-21 20:49:30,2022-12-21 20:49:31,1.734s,PASSED
"sendRequest(findTestObject(""Postman/admin/topic/Get all topic""))",,,,2022-12-21 20:49:31,2022-12-21 20:49:31,0.617s,PASSED
,,,,,,,
Test Cases/Admin/ManageThread/TC09_DeleteTopic,,,,2022-12-21 20:49:32,2022-12-21 20:49:34,2.512s,PASSED
"sendRequest(findTestObject(""Postman/admin/topic/Delete topic""))",,,,2022-12-21 20:49:33,2022-12-21 20:49:34,0.812s,PASSED
,,,,,,,
Test Cases/Admin/ManageThread/TC10_GetTopicData,,,,2022-12-21 20:49:34,2022-12-21 20:49:36,1.894s,PASSED
"sendRequest(findTestObject(""Postman/admin/topic/New Folder/Get topic data""))",,,,2022-12-21 20:49:35,2022-12-21 20:49:36,0.911s,PASSED
,,,,,,,
Test Cases/Admin/ManageThread/TC11_UpdateTopicData,,,,2022-12-21 20:49:36,2022-12-21 20:49:38,1.104s,PASSED
return null,,,,2022-12-21 20:49:37,2022-12-21 20:49:37,0.001s,PASSED
,,,,,,,
Test Cases/Admin/ManageThread/TC12_GetThreadList,,,,2022-12-21 20:49:38,2022-12-21 20:49:42,4.750s,PASSED
"sendRequest(findTestObject(""Postman/admin/thread/Get thread list""))",,,,2022-12-21 20:49:39,2022-12-21 20:49:42,3.607s,PASSED
,,,,,,,
Test Cases/Admin/ManageThread/TC13_GetThreadById,,,,2022-12-21 20:49:42,2022-12-21 20:49:43,0.829s,PASSED
return null,,,,2022-12-21 20:49:43,2022-12-21 20:49:43,0.001s,PASSED
,,,,,,,
Test Cases/Admin/ManageThread/TC14_DeleteThread,,,,2022-12-21 20:49:43,2022-12-21 20:49:45,1.640s,PASSED
"sendRequest(findTestObject(""Postman/admin/thread/New Folder/Delete thread""))",,,,2022-12-21 20:49:44,2022-12-21 20:49:45,0.621s,PASSED
