Suite/Test/Step Name,Browser,Description,Tag,Start time,End time,Duration,Status
TS02_AdminManageUser,,,,2022-12-21 20:47:09,2022-12-21 20:47:34,24.819s,PASSED
,,,,,,,
Test Cases/Admin/ManageUser/TC01_GetUserList,,,,2022-12-21 20:47:10,2022-12-21 20:47:21,11.022s,PASSED
"sendRequest(findTestObject(""Postman/admin/user/Get user list""))",,,,2022-12-21 20:47:12,2022-12-21 20:47:21,9.417s,PASSED
,,,,,,,
Test Cases/Admin/ManageUser/TC02_GetUserProfile,,,,2022-12-21 20:47:21,2022-12-21 20:47:24,2.985s,PASSED
"sendRequest(findTestObject(""Postman/admin/user/New Folder/Get user profile""))",,,,2022-12-21 20:47:23,2022-12-21 20:47:24,1.668s,PASSED
,,,,,,,
Test Cases/Admin/ManageUser/TC03_UpdateUserProfile,,,,2022-12-21 20:47:24,2022-12-21 20:47:28,3.454s,PASSED
"sendRequest(findTestObject(""Postman/admin/user/New Folder/Update user profile""))",,,,2022-12-21 20:47:26,2022-12-21 20:47:28,2.056s,PASSED
,,,,,,,
Test Cases/Admin/ManageUser/TC04_DeleteUser,,,,2022-12-21 20:47:28,2022-12-21 20:47:29,1.578s,PASSED
"sendRequest(findTestObject(""Postman/admin/user/New Folder/Delete user""))",,,,2022-12-21 20:47:29,2022-12-21 20:47:29,0.709s,PASSED
,,,,,,,
Test Cases/Admin/ManageUser/TC05_SuspendUser,,,,2022-12-21 20:47:29,2022-12-21 20:47:31,1.567s,PASSED
"sendRequest(findTestObject(""Postman/admin/user/Suspend user""))",,,,2022-12-21 20:47:30,2022-12-21 20:47:31,0.586s,PASSED
,,,,,,,
Test Cases/Admin/ManageUser/TC06_UnsuspendUser,,,,2022-12-21 20:47:31,2022-12-21 20:47:34,2.516s,PASSED
"sendRequest(findTestObject(""Postman/admin/user/Unsuspend user""))",,,,2022-12-21 20:47:32,2022-12-21 20:47:34,1.636s,PASSED
