Suite/Test/Step Name,Browser,Description,Tag,Start time,End time,Duration,Status
AuthUser,,,,2022-12-20 08:40:23,2022-12-20 08:40:35,12.555s,PASSED
,,,,,,,
Test Cases/User/TC01_RegistrationUser,,,,2022-12-20 08:40:24,2022-12-20 08:40:31,6.973s,PASSED
"response = sendRequestAndVerify(findTestObject(""Postman/user/Registration for user"", [""baseUrl"":baseUrl]))",,,,2022-12-20 08:40:25,2022-12-20 08:40:31,5.994s,PASSED
,,,,,,,
Test Cases/User/TC02_LoginUser,,,,2022-12-20 08:40:31,2022-12-20 08:40:32,1.475s,PASSED
"sendRequest(findTestObject(""Postman/user/Logs user into the system""))",,,,2022-12-20 08:40:31,2022-12-20 08:40:32,0.731s,PASSED
,,,,,,,
Test Cases/User/TC03_GetUserList,,,,2022-12-20 08:40:32,2022-12-20 08:40:34,1.498s,PASSED
"sendRequest(findTestObject(""Postman/user/profile/Get user profile""))",,,,2022-12-20 08:40:33,2022-12-20 08:40:34,0.709s,PASSED
,,,,,,,
Test Cases/User/TC04_GetUserUpdate,,,,2022-12-20 08:40:34,2022-12-20 08:40:35,1.464s,PASSED
"sendRequest(findTestObject(""Postman/user/profile/Update user profile""))",,,,2022-12-20 08:40:34,2022-12-20 08:40:35,0.655s,PASSED
